P,Q,N,H,Avg Mape,Min MAPE,Avg time
13,4,100,1,0.07295937287179474,0.061193660936803396,0.18862822850545247
