P,Q,N,H,Avg Mape,Min MAPE,Avg time
13,4,100,1,0.06953508085348956,0.05844125110035171,0.20777775446573893
