P,Q,N,H,Avg Mape,Min MAPE,Avg time
13,4,100,1,0.08796445469357232,0.06781747483172935,0.22121283213297527
